,Origin,Destination,distance
0,22506.0,20425.0,3185.978999999999
1,21612.0,20425.0,1865.6340000000005
2,21018.0,20425.0,1167.518
3,20721.0,20425.0,1009.301
4,20720.0,20425.0,559.992
5,21316.0,20425.0,1742.7280000000005
6,22206.0,20425.0,2901.6019999999994
7,21017.0,20425.0,1087.5410000000002
8,21910.0,20425.0,2297.5430000000006
9,20719.0,20425.0,785.1320000000002
10,21908.0,20425.0,2755.9949999999994
11,21614.0,20425.0,2082.1240000000003
12,21613.0,20425.0,2070.5640000000003
13,21611.0,20425.0,2039.0280000000002
14,21016.0,20425.0,1213.848
15,20426.0,20425.0,307.355
16,21909.0,20425.0,2384.82
17,22507.0,20425.0,3335.8529999999996
18,22505.0,20425.0,3302.0549999999994
19,21911.0,20425.0,2501.8
20,22208.0,20425.0,2854.5069999999996
21,21313.0,20425.0,1649.2930000000001
22,21315.0,20425.0,1716.1779999999999
23,22209.0,20425.0,2915.4599999999996
24,22207.0,20425.0,2692.808
25,22508.0,20425.0,3374.5469999999996
26,21019.0,20425.0,1896.9790000000005
27,22210.0,20425.0,3320.0879999999993
28,21912.0,20425.0,2803.4389999999994
29,21314.0,20425.0,1498.8660000000002
30,21911.0,20426.0,2628.486
31,22507.0,20426.0,3462.5389999999993
32,21315.0,20426.0,1842.8639999999998
33,22209.0,20426.0,3042.1459999999993
34,22210.0,20426.0,3446.773999999999
35,20721.0,20426.0,1135.9869999999999
36,21612.0,20426.0,1992.3200000000004
37,20719.0,20426.0,911.8180000000001
38,22207.0,20426.0,2819.4939999999997
39,21613.0,20426.0,2197.25
40,22506.0,20426.0,3312.6649999999986
41,21016.0,20426.0,1340.5339999999999
42,21614.0,20426.0,2208.81
43,21910.0,20426.0,2424.2290000000003
44,21912.0,20426.0,2930.124999999999
45,22509.0,20426.0,3953.195999999999
46,21611.0,20426.0,2165.7140000000004
47,21017.0,20426.0,1214.227
48,21314.0,20426.0,1625.5520000000001
49,20720.0,20426.0,686.678
50,22206.0,20426.0,3028.287999999999
51,21316.0,20426.0,1869.4140000000004
52,21908.0,20426.0,2882.680999999999
53,21018.0,20426.0,1294.204
54,22208.0,20426.0,2981.1929999999993
55,22505.0,20426.0,3428.740999999999
56,21313.0,20426.0,1775.979
57,21019.0,20426.0,2023.6650000000004
58,21909.0,20426.0,2511.506
59,22508.0,20426.0,3501.2329999999993
60,20425.0,20426.0,307.355
61,20720.0,20719.0,462.8229999999999
62,21016.0,20719.0,515.599
63,22209.0,20719.0,2696.0130000000004
64,21909.0,20719.0,1793.3460000000005
65,20721.0,20719.0,912.1320000000003
66,22810.0,20719.0,3465.72
67,22809.0,20719.0,3251.2179999999994
68,22206.0,20719.0,2139.7490000000003
69,22207.0,20719.0,2315.3640000000005
70,21613.0,20719.0,1810.8329999999999
71,21908.0,20719.0,2125.6330000000003
72,21017.0,20719.0,817.6740000000004
73,21315.0,20719.0,1456.4469999999994
74,20426.0,20719.0,911.818
75,22210.0,20719.0,3065.4559999999997
76,22509.0,20719.0,3571.878
77,22208.0,20719.0,2492.8290000000006
78,22506.0,20719.0,2798.8769999999995
79,21018.0,20719.0,1070.3490000000004
80,22508.0,20719.0,3141.0529999999994
81,22505.0,20719.0,2571.9210000000003
82,21314.0,20719.0,1228.999
83,21612.0,20719.0,1503.9560000000001
84,21019.0,20719.0,1799.81
85,21910.0,20719.0,1935.865
86,22507.0,20719.0,2974.1749999999997
87,22811.0,20719.0,3580.3880000000004
88,21316.0,20719.0,1645.559
89,20425.0,20719.0,785.1320000000001
90,21611.0,20719.0,1277.175
91,21614.0,20719.0,1984.9549999999997
92,21912.0,20719.0,2706.269999999999
93,21313.0,20719.0,872.0579999999999
94,21911.0,20719.0,2168.0550000000003
95,21611.0,20720.0,1588.88
96,21016.0,20720.0,827.3989999999998
97,22506.0,20720.0,2648.618999999999
98,21612.0,20720.0,1328.2740000000003
99,21912.0,20720.0,2243.4469999999997
100,22811.0,20720.0,3253.89
101,21316.0,20720.0,1182.7360000000003
102,20719.0,20720.0,462.823
103,20721.0,20720.0,449.30899999999997
104,22505.0,20720.0,2764.6949999999993
105,21908.0,20720.0,2437.3540000000003
106,21911.0,20720.0,1941.8080000000002
107,22207.0,20720.0,2155.448
108,21613.0,20720.0,1533.2040000000002
109,22208.0,20720.0,2317.1469999999995
110,22507.0,20720.0,2798.4929999999995
111,21314.0,20720.0,961.5060000000001
112,22209.0,20720.0,2355.468
113,22210.0,20720.0,2760.0959999999995
114,22809.0,20720.0,3100.959999999999
115,21019.0,20720.0,1336.9870000000003
116,21018.0,20720.0,607.526
117,21017.0,20720.0,550.181
118,21910.0,20720.0,1760.1830000000004
119,20425.0,20720.0,559.992
120,21315.0,20720.0,1178.8179999999998
121,22206.0,20720.0,2451.454
122,21313.0,20720.0,1183.7789999999998
123,22812.0,20720.0,3746.4559999999997
124,22509.0,20720.0,3266.5179999999996
125,22508.0,20720.0,2814.555
126,21614.0,20720.0,1522.132
127,22810.0,20720.0,3251.4799999999996
128,21909.0,20720.0,1847.46
129,20426.0,20720.0,686.678
130,20720.0,20721.0,449.30899999999997
131,21016.0,20721.0,1015.5100000000002
132,21912.0,20721.0,1960.758
133,20425.0,20721.0,1009.3009999999999
134,21018.0,20721.0,324.837
135,22207.0,20721.0,2227.7740000000003
136,21315.0,20721.0,930.3749999999999
137,22506.0,20721.0,2522.1820000000002
138,21909.0,20721.0,1986.9180000000001
139,22505.0,20721.0,2906.183000000001
140,22809.0,20721.0,2960.8279999999995
141,22208.0,20721.0,2142.9449999999997
142,20426.0,20721.0,1135.987
143,22209.0,20721.0,2072.779
144,21612.0,20721.0,1323.6000000000001
145,21314.0,20721.0,935.0480000000002
146,21614.0,20721.0,1231.133
147,22509.0,20721.0,2983.8289999999997
148,21910.0,20721.0,1629.235
149,21316.0,20721.0,891.7370000000001
150,20719.0,20721.0,912.132
151,22206.0,20721.0,2593.427000000001
152,22210.0,20721.0,2477.4069999999997
153,21019.0,20721.0,1054.298
154,22812.0,20721.0,3463.767
155,21908.0,20721.0,2581.6810000000005
156,21611.0,20721.0,1730.8529999999998
157,22810.0,20721.0,2968.7909999999997
158,21313.0,20721.0,1328.5860000000002
159,22508.0,20721.0,2531.866
160,22811.0,20721.0,2971.201
161,21017.0,20721.0,723.4360000000001
162,22507.0,20721.0,2603.015
163,21613.0,20721.0,1284.761
164,21911.0,20721.0,1659.1190000000001
165,21313.0,21016.0,435.445
166,22209.0,21016.0,2259.4
167,21019.0,21016.0,1770.3339999999998
168,22809.0,21016.0,2814.604999999999
169,21017.0,21016.0,418.119
170,22207.0,21016.0,1878.7510000000002
171,20720.0,21016.0,827.3989999999999
172,21614.0,21016.0,1922.304999999999
173,21612.0,21016.0,1067.343
174,20719.0,21016.0,515.599
175,21909.0,21016.0,1356.7330000000004
176,22507.0,21016.0,2537.5619999999994
177,21611.0,21016.0,840.5619999999999
178,21613.0,21016.0,1489.7200000000003
179,22506.0,21016.0,2362.263999999999
180,21910.0,21016.0,1499.252
181,23113.0,21016.0,3406.105
182,21912.0,21016.0,2542.531
183,22509.0,21016.0,3135.265
184,21018.0,21016.0,1099.3690000000001
185,21314.0,21016.0,824.6679999999999
186,22206.0,21016.0,1703.1360000000004
187,22508.0,21016.0,2704.439999999999
188,22811.0,21016.0,3143.775
189,21908.0,21016.0,1614.615
190,23114.0,21016.0,3576.9199999999996
191,22810.0,21016.0,3029.1069999999995
192,22812.0,21016.0,3615.203
193,20425.0,21016.0,1213.8479999999997
194,21911.0,21016.0,1731.4420000000005
195,20721.0,21016.0,1015.51
196,21316.0,21016.0,1582.9089999999997
197,21315.0,21016.0,1189.719
198,22210.0,21016.0,2628.8429999999994
199,22505.0,21016.0,2135.308
200,22208.0,21016.0,2056.2160000000003
201,20426.0,21016.0,1340.5339999999999
202,22809.0,21017.0,2658.3569999999995
203,22811.0,21017.0,2962.1030000000014
204,21909.0,21017.0,1416.654
205,20425.0,21017.0,1087.541
206,21019.0,21017.0,1478.26
207,22507.0,21017.0,2355.89
208,22509.0,21017.0,2953.593000000001
209,20426.0,21017.0,1214.227
210,21614.0,21017.0,1612.8059999999991
211,20719.0,21017.0,817.674
212,22207.0,21017.0,1712.8450000000003
213,21911.0,21017.0,1549.77
214,22209.0,21017.0,2077.7279999999996
215,21316.0,21017.0,1273.4099999999999
216,21910.0,21017.0,1317.5800000000002
217,21912.0,21017.0,2236.6459999999993
218,23113.0,21017.0,3224.4330000000014
219,21612.0,21017.0,885.671
220,20720.0,21017.0,550.1809999999999
221,21016.0,21017.0,418.11899999999997
222,23114.0,21017.0,3395.248000000001
223,21314.0,21017.0,518.903
224,22506.0,21017.0,2206.015999999999
225,22810.0,21017.0,2847.435000000001
226,22208.0,21017.0,1874.5439999999996
227,21908.0,21017.0,2009.398
228,20721.0,21017.0,723.4359999999999
229,21611.0,21017.0,1160.5890000000002
230,21313.0,21017.0,755.823
231,22505.0,21017.0,2335.9189999999994
232,21613.0,21017.0,1231.5370000000003
233,21018.0,21017.0,789.87
234,22508.0,21017.0,2522.7679999999996
235,22210.0,21017.0,2447.171
236,22206.0,21017.0,2023.163
237,21315.0,21017.0,883.667
238,22812.0,21017.0,3433.5310000000013
239,21313.0,21018.0,1139.1280000000002
240,21019.0,21018.0,1162.605
241,23114.0,21018.0,3137.1309999999985
242,22208.0,21018.0,1818.1079999999997
243,22508.0,21018.0,2229.261
244,20426.0,21018.0,1294.2039999999997
245,21614.0,21018.0,943.1149999999999
246,21912.0,21018.0,1658.153
247,22509.0,21018.0,2681.2239999999997
248,22206.0,21018.0,2402.986000000001
249,21911.0,21018.0,1356.5140000000001
250,22210.0,21018.0,2174.8019999999997
251,20425.0,21018.0,1167.518
252,21613.0,21018.0,959.924
253,21316.0,21018.0,603.7189999999999
254,21612.0,21018.0,1131.8680000000002
255,21611.0,21018.0,1540.4119999999998
256,20719.0,21018.0,1070.349
257,22810.0,21018.0,2666.1859999999997
258,22209.0,21018.0,1770.1740000000002
259,22507.0,21018.0,2278.178
260,22207.0,21018.0,2036.042
261,21910.0,21018.0,1339.012
262,21016.0,21018.0,1099.3690000000004
263,22505.0,21018.0,2715.742
264,22809.0,21018.0,2670.605
265,22506.0,21018.0,2330.45
266,21909.0,21018.0,1796.4769999999999
267,23113.0,21018.0,3039.3979999999997
268,21315.0,21018.0,605.5379999999999
269,22812.0,21018.0,3161.162
270,22811.0,21018.0,2668.596
271,20721.0,21018.0,324.837
272,21908.0,21018.0,2391.8840000000005
273,20720.0,21018.0,607.526
274,21314.0,21018.0,744.858
275,21017.0,21018.0,789.8700000000001
276,22809.0,21019.0,3394.5399999999995
277,20721.0,21019.0,1054.298
278,22207.0,21019.0,2783.3589999999995
279,22206.0,21019.0,3150.942
280,23113.0,21019.0,3603.0509999999977
281,22208.0,21019.0,2413.9429999999998
282,21614.0,21019.0,1425.9740000000006
283,22505.0,21019.0,3463.6979999999994
284,21908.0,21019.0,3140.384
285,21611.0,21019.0,2288.3679999999995
286,20426.0,21019.0,2023.665
287,21612.0,21019.0,1879.1849999999997
288,21314.0,21019.0,1492.814
289,21018.0,21019.0,1162.6050000000002
290,21017.0,21019.0,1478.2600000000002
291,21911.0,21019.0,1906.206
292,22812.0,21019.0,3157.4449999999997
293,22811.0,21019.0,3185.673999999999
294,21315.0,21019.0,1130.342
295,22508.0,21019.0,2746.338999999999
296,21016.0,21019.0,1770.3340000000003
297,22506.0,21019.0,3077.767
298,21910.0,21019.0,2086.3289999999997
299,22507.0,21019.0,2779.313
300,22810.0,21019.0,3267.717999999999
301,21909.0,21019.0,2544.4329999999995
302,21912.0,21019.0,1645.803
303,22509.0,21019.0,2677.507
304,20720.0,21019.0,1336.987
305,23114.0,21019.0,3654.208999999998
306,21316.0,21019.0,1086.5780000000002
307,21313.0,21019.0,1887.7179999999996
308,22209.0,21019.0,2287.252
309,20719.0,21019.0,1799.8100000000002
310,20425.0,21019.0,1896.9790000000003
311,21613.0,21019.0,1511.3419999999999
312,22210.0,21019.0,2171.0849999999996
313,22812.0,21313.0,3179.7580000000007
314,21316.0,21313.0,1158.1599999999999
315,21911.0,21313.0,1295.9970000000003
316,22811.0,21313.0,2708.3300000000004
317,23113.0,21313.0,2970.6600000000003
318,22809.0,21313.0,2379.16
319,22507.0,21313.0,2102.117
320,21613.0,21313.0,1056.0379999999998
321,21314.0,21313.0,394.97499999999997
322,22505.0,21313.0,1699.8629999999998
323,22508.0,21313.0,2268.9949999999994
324,21016.0,21313.0,435.445
325,20720.0,21313.0,1183.7789999999998
326,22209.0,21313.0,1823.9550000000004
327,20425.0,21313.0,1649.293
328,21910.0,21313.0,1063.8069999999998
329,21908.0,21313.0,1253.575
330,22810.0,21313.0,2593.662
331,22207.0,21313.0,1443.306
332,22210.0,21313.0,2193.3979999999997
333,21017.0,21313.0,755.8230000000001
334,21614.0,21313.0,1497.5559999999996
335,20721.0,21313.0,1328.5859999999998
336,20426.0,21313.0,1775.979
337,23114.0,21313.0,3141.4750000000004
338,21912.0,21313.0,2109.982
339,21018.0,21313.0,1139.1279999999997
340,22206.0,21313.0,1267.6910000000003
341,20719.0,21313.0,872.0580000000001
342,21909.0,21313.0,921.2880000000001
343,21612.0,21313.0,631.898
344,22208.0,21313.0,1620.7710000000002
345,21315.0,21313.0,760.0260000000001
346,22509.0,21313.0,2699.82
347,21611.0,21313.0,405.11699999999996
348,21019.0,21313.0,1887.7179999999998
349,22506.0,21313.0,1926.819
350,20425.0,21314.0,1498.8659999999998
351,22208.0,21314.0,1428.0090000000005
352,21315.0,21314.0,365.05100000000004
353,22811.0,21314.0,2515.568
354,21019.0,21314.0,1492.8139999999996
355,22812.0,21314.0,2986.0290000000005
356,22506.0,21314.0,1763.9270000000006
357,22810.0,21314.0,2400.9
358,22509.0,21314.0,2506.091
359,23114.0,21314.0,2948.713
360,20720.0,21314.0,961.506
361,20719.0,21314.0,1228.9990000000003
362,22505.0,21314.0,1972.355
363,21908.0,21314.0,1647.5700000000002
364,22207.0,21314.0,1318.6080000000004
365,21909.0,21314.0,1053.0899999999997
366,21313.0,21314.0,394.97499999999997
367,22206.0,21314.0,1659.5990000000004
368,22809.0,21314.0,2214.799
369,20426.0,21314.0,1625.552
370,22508.0,21314.0,2076.2329999999997
371,21614.0,21314.0,1102.581
372,21611.0,21314.0,797.0249999999999
373,22507.0,21314.0,1909.3550000000002
374,22210.0,21314.0,1999.6690000000008
375,21613.0,21314.0,716.388
376,21016.0,21314.0,824.6680000000001
377,20721.0,21314.0,935.0479999999999
378,21612.0,21314.0,414.43399999999997
379,21910.0,21314.0,871.0449999999998
380,22209.0,21314.0,1631.1930000000004
381,21911.0,21314.0,1102.268
382,21912.0,21314.0,1720.8090000000002
383,21017.0,21314.0,518.903
384,23113.0,21314.0,2777.898
385,21316.0,21314.0,763.1850000000001
386,21018.0,21314.0,744.8580000000001
387,21613.0,21315.0,381.0
388,23113.0,21315.0,2600.6980000000012
389,20720.0,21315.0,1178.8180000000002
390,22810.0,21315.0,2224.1800000000007
391,22811.0,21315.0,2332.984000000001
392,21019.0,21315.0,1130.342
393,21316.0,21315.0,398.134
394,22207.0,21315.0,1655.0040000000001
395,21611.0,21315.0,1160.605
396,22509.0,21315.0,2294.4290000000005
397,21909.0,21315.0,1416.67
398,21018.0,21315.0,605.538
399,21614.0,21315.0,737.53
400,21910.0,21315.0,957.9740000000002
401,22507.0,21315.0,1726.7709999999997
402,21313.0,21315.0,760.026
403,20719.0,21315.0,1456.4469999999997
404,20721.0,21315.0,930.375
405,21612.0,21315.0,750.8299999999999
406,21908.0,21315.0,2012.6210000000003
407,21017.0,21315.0,883.6670000000001
408,22209.0,21315.0,1443.3000000000002
409,22505.0,21315.0,2335.9349999999995
410,22809.0,21315.0,2265.338
411,22208.0,21315.0,1283.601
412,20425.0,21315.0,1716.1779999999997
413,22508.0,21315.0,1893.649
414,21912.0,21315.0,1356.547
415,20426.0,21315.0,1842.8639999999998
416,22210.0,21315.0,1788.007
417,22506.0,21315.0,1949.412
418,22206.0,21315.0,2023.1790000000005
419,21911.0,21315.0,890.6060000000001
420,21314.0,21315.0,365.05100000000004
421,21016.0,21315.0,1189.7190000000003
422,22812.0,21315.0,2774.367000000001
423,23114.0,21315.0,2766.129000000001
424,22507.0,21316.0,1916.862
425,22208.0,21316.0,1618.8230000000003
426,22508.0,21316.0,1664.7649999999999
427,21611.0,21316.0,1498.594
428,20426.0,21316.0,1869.4139999999993
429,21018.0,21316.0,603.719
430,21315.0,21316.0,398.13399999999996
431,21314.0,21316.0,763.1850000000002
432,23113.0,21316.0,2567.5729999999985
433,22811.0,21316.0,2104.1
434,21912.0,21316.0,1249.872
435,21910.0,21316.0,1295.6730000000007
436,21911.0,21316.0,968.375
437,21016.0,21316.0,1582.9089999999997
438,21908.0,21316.0,2351.6169999999997
439,21313.0,21316.0,1158.1599999999999
440,21017.0,21316.0,1273.4099999999994
441,22210.0,21316.0,1722.308
442,22509.0,21316.0,2138.0499999999993
443,22809.0,21316.0,2600.559999999999
444,20719.0,21316.0,1645.5589999999995
445,21613.0,21316.0,716.2220000000001
446,20721.0,21316.0,891.7370000000001
447,22810.0,21316.0,2232.2399999999993
448,21909.0,21316.0,1754.659
449,22505.0,21316.0,2673.9239999999986
450,22207.0,21316.0,1992.7030000000004
451,23114.0,21316.0,2618.7309999999984
452,22812.0,21316.0,2617.9879999999994
453,22506.0,21316.0,2287.1109999999994
454,22209.0,21316.0,1251.7740000000001
455,21614.0,21316.0,339.39599999999996
456,20425.0,21316.0,1742.7279999999996
457,22206.0,21316.0,2361.1679999999997
458,21612.0,21316.0,1088.529
459,20720.0,21316.0,1182.7359999999999
460,21019.0,21316.0,1086.578
461,21018.0,21611.0,1540.4119999999998
462,21313.0,21611.0,405.11699999999996
463,20721.0,21611.0,1730.853
464,21316.0,21611.0,1498.5939999999998
465,22508.0,21611.0,1882.0449999999996
466,21016.0,21611.0,840.5619999999999
467,22810.0,21611.0,2206.6240000000007
468,21909.0,21611.0,516.171
469,20719.0,21611.0,1277.175
470,22507.0,21611.0,1715.167
471,23114.0,21611.0,2754.5250000000005
472,21910.0,21611.0,676.769
473,21908.0,21611.0,876.404
474,21614.0,21611.0,1445.9989999999998
475,22811.0,21611.0,2321.38
476,20720.0,21611.0,1588.8799999999999
477,21315.0,21611.0,1160.6049999999998
478,20425.0,21611.0,2039.0279999999998
479,22209.0,21611.0,1437.005
480,22509.0,21611.0,2313.905
481,22809.0,21611.0,1974.043
482,21019.0,21611.0,2288.368
483,22207.0,21611.0,1038.189
484,22506.0,21611.0,1521.702
485,22812.0,21611.0,2793.8430000000003
486,21314.0,21611.0,797.025
487,22210.0,21611.0,1807.483
488,21912.0,21611.0,1836.151
489,22208.0,21611.0,1233.7330000000002
490,21612.0,21611.0,527.7010000000001
491,21613.0,21611.0,985.666
492,21017.0,21611.0,1160.589
493,22505.0,21611.0,1294.7459999999999
494,23113.0,21611.0,2583.6220000000008
495,21911.0,21611.0,910.0819999999999
496,20426.0,21611.0,2165.714
497,22206.0,21611.0,862.5740000000001
498,21614.0,21612.0,1016.941
499,21016.0,21612.0,1067.3429999999998
500,22811.0,21612.0,2101.1340000000005
501,21909.0,21612.0,706.1320000000001
502,21018.0,21612.0,1131.8680000000002
503,21613.0,21612.0,495.04699999999997
504,22210.0,21612.0,1585.681
505,22809.0,21612.0,1800.3649999999998
506,21912.0,21612.0,1614.3490000000002
507,22209.0,21612.0,1216.759
508,22508.0,21612.0,1661.7989999999995
509,22206.0,21612.0,1381.609
510,22812.0,21612.0,2572.041
511,21017.0,21612.0,885.671
512,22505.0,21612.0,1660.7570000000003
513,20719.0,21612.0,1503.9560000000006
514,21019.0,21612.0,1879.185
515,20720.0,21612.0,1328.274
516,23114.0,21612.0,2534.2790000000005
517,22509.0,21612.0,2092.1029999999996
518,20721.0,21612.0,1323.6
519,22506.0,21612.0,1349.4930000000002
520,22208.0,21612.0,1013.575
521,21908.0,21612.0,1397.6100000000001
522,21314.0,21612.0,414.4339999999999
523,21315.0,21612.0,750.83
524,23113.0,21612.0,2363.4640000000004
525,21316.0,21612.0,1088.5290000000002
526,21910.0,21612.0,456.6109999999999
527,22207.0,21612.0,904.174
528,20426.0,21612.0,1992.3199999999997
529,21313.0,21612.0,631.8980000000001
530,21611.0,21612.0,527.701
531,21911.0,21612.0,688.2800000000001
532,22507.0,21612.0,1494.9209999999998
533,20425.0,21612.0,1865.6339999999996
534,22810.0,21612.0,1986.4660000000003
535,21018.0,21613.0,959.924
536,21910.0,21613.0,628.691
537,22812.0,21613.0,2393.6130000000003
538,22207.0,21613.0,1370.3019999999997
539,21019.0,21613.0,1511.3420000000003
540,20721.0,21613.0,1284.7610000000002
541,21912.0,21613.0,1245.615
542,21611.0,21613.0,985.6659999999999
543,21911.0,21613.0,509.85200000000003
544,22208.0,21613.0,902.6010000000001
545,21314.0,21613.0,716.3879999999999
546,21316.0,21613.0,716.222
547,21315.0,21613.0,381.0
548,21612.0,21613.0,495.0470000000001
549,22508.0,21613.0,1512.6489999999997
550,22506.0,21613.0,1646.434
551,22507.0,21613.0,1345.7709999999997
552,20426.0,21613.0,2197.2499999999995
553,21017.0,21613.0,1231.537
554,20425.0,21613.0,2070.564
555,20719.0,21613.0,1810.8329999999999
556,23113.0,21613.0,2219.6980000000003
557,22809.0,21613.0,1894.027
558,22811.0,21613.0,1951.984
559,21909.0,21613.0,1174.5280000000002
560,23114.0,21613.0,2385.129
561,21614.0,21613.0,541.129
562,22209.0,21613.0,1062.546
563,22210.0,21613.0,1407.253
564,22509.0,21613.0,1913.675
565,22810.0,21613.0,1843.18
566,21313.0,21613.0,1056.038
567,21016.0,21613.0,1489.7199999999998
568,22206.0,21613.0,1847.737
569,20720.0,21613.0,1533.2040000000004
570,21908.0,21613.0,1840.2180000000008
571,22505.0,21613.0,2126.885
572,21019.0,21614.0,1425.9740000000002
573,21910.0,21614.0,1169.82
574,22506.0,21614.0,2173.4020000000005
575,22809.0,21614.0,2420.995
576,21315.0,21614.0,737.53
577,22810.0,21614.0,1938.774
578,20721.0,21614.0,1231.1330000000003
579,22507.0,21614.0,1662.6779999999999
580,22207.0,21614.0,1893.152
581,23113.0,21614.0,2274.1069999999995
582,21908.0,21614.0,2300.5510000000013
583,20426.0,21614.0,2208.8099999999995
584,22208.0,21614.0,1406.4640000000002
585,21912.0,21614.0,1160.22
586,20720.0,21614.0,1522.132
587,22209.0,21614.0,927.263
588,21017.0,21614.0,1612.8059999999996
589,22210.0,21614.0,1428.8419999999999
590,21314.0,21614.0,1102.5810000000004
591,23114.0,21614.0,2288.618
592,21911.0,21614.0,679.29
593,21316.0,21614.0,339.39599999999996
594,21018.0,21614.0,943.1150000000001
595,21612.0,21614.0,1016.9410000000001
596,22505.0,21614.0,2621.3290000000006
597,22509.0,21614.0,1798.6539999999998
598,22508.0,21614.0,1325.369
599,22812.0,21614.0,2278.5919999999996
600,21313.0,21614.0,1497.556
601,21909.0,21614.0,1696.422
602,20719.0,21614.0,1984.9549999999997
603,22811.0,21614.0,1764.704
604,20425.0,21614.0,2082.124
605,21016.0,21614.0,1922.3049999999998
606,21613.0,21614.0,541.1289999999999
607,22206.0,21614.0,2308.5730000000012
608,21611.0,21614.0,1445.9989999999998
609,20426.0,21908.0,2882.6809999999996
610,23113.0,21908.0,2366.5510000000004
611,21611.0,21908.0,876.4040000000001
612,21910.0,21908.0,1239.0479999999998
613,22206.0,21908.0,639.64
614,22509.0,21908.0,2322.237
615,20721.0,21908.0,2581.680999999999
616,22810.0,21908.0,1989.5529999999999
617,21314.0,21908.0,1647.57
618,22809.0,21908.0,1751.7259999999999
619,21313.0,21908.0,1253.5749999999998
620,21912.0,21908.0,2661.394
621,22209.0,21908.0,1558.8049999999996
622,22508.0,21908.0,1729.81
623,21909.0,21908.0,708.196
624,22506.0,21908.0,1299.385
625,22811.0,21908.0,2169.145
626,22208.0,21908.0,1035.032
627,21017.0,21908.0,2009.398
628,22210.0,21908.0,2352.487
629,23114.0,21908.0,2582.3709999999996
630,21018.0,21908.0,2391.8839999999996
631,22507.0,21908.0,1512.8039999999999
632,21612.0,21908.0,1397.61
633,21316.0,21908.0,2351.6169999999997
634,20719.0,21908.0,2125.6330000000003
635,21911.0,21908.0,1739.2550000000003
636,21315.0,21908.0,2012.6209999999999
637,21614.0,21908.0,2300.5509999999995
638,22812.0,21908.0,2802.1750000000006
639,20720.0,21908.0,2437.3539999999994
640,21613.0,21908.0,1840.218
641,22207.0,21908.0,815.872
642,22505.0,21908.0,1072.4289999999999
643,21019.0,21908.0,3140.383999999999
644,21016.0,21908.0,1614.615
645,20425.0,21908.0,2755.994999999999
646,23113.0,21909.0,2081.3420000000006
647,21910.0,21909.0,546.697
648,21316.0,21909.0,1754.659
649,22509.0,21909.0,1848.4180000000003
650,22507.0,21909.0,1224.9830000000004
651,21911.0,21909.0,1046.904
652,20720.0,21909.0,1847.4600000000003
653,20719.0,21909.0,1793.3459999999998
654,21613.0,21909.0,1174.528
655,21614.0,21909.0,1696.422
656,22812.0,21909.0,2328.3559999999993
657,22508.0,21909.0,1406.0590000000004
658,22206.0,21909.0,676.184
659,20426.0,21909.0,2511.5059999999994
660,22810.0,21909.0,1704.3439999999998
661,22506.0,21909.0,1015.6690000000003
662,22208.0,21909.0,733.6179999999999
663,22809.0,21909.0,1468.0099999999995
664,21016.0,21909.0,1356.7329999999997
665,21611.0,21909.0,516.1709999999999
666,22811.0,21909.0,1845.3940000000005
667,21313.0,21909.0,921.288
668,21612.0,21909.0,706.1320000000002
669,20425.0,21909.0,2384.8199999999997
670,21017.0,21909.0,1416.654
671,20721.0,21909.0,1986.9180000000003
672,22207.0,21909.0,529.234
673,22505.0,21909.0,955.3319999999998
674,21315.0,21909.0,1416.6699999999998
675,23114.0,21909.0,2269.0829999999996
676,22209.0,21909.0,980.768
677,22210.0,21909.0,1774.4500000000005
678,21018.0,21909.0,1796.477
679,21908.0,21909.0,708.1959999999998
680,21314.0,21909.0,1053.09
681,21019.0,21909.0,2544.432999999999
682,21912.0,21909.0,1969.0430000000001
683,22812.0,21910.0,2149.2380000000003
684,21017.0,21910.0,1317.58
685,21908.0,21910.0,1239.0479999999998
686,22206.0,21910.0,1220.862
687,21912.0,21910.0,1422.346
688,22210.0,21910.0,1393.6779999999999
689,22508.0,21910.0,1213.6999999999996
690,22506.0,21910.0,1026.094
691,23114.0,21910.0,2086.1800000000003
692,21909.0,21910.0,546.697
693,21911.0,21910.0,500.207
694,21313.0,21910.0,1063.8069999999998
695,21614.0,21910.0,1169.8200000000002
696,21315.0,21910.0,957.974
697,22810.0,21910.0,1529.8550000000005
698,22811.0,21910.0,1653.035
699,22207.0,21910.0,743.4269999999999
700,20721.0,21910.0,1629.2350000000004
701,21018.0,21910.0,1339.0120000000004
702,22507.0,21910.0,1046.8220000000001
703,21019.0,21910.0,2086.3289999999997
704,21314.0,21910.0,871.0449999999998
705,21612.0,21910.0,456.61099999999993
706,21611.0,21910.0,676.7690000000001
707,20426.0,21910.0,2424.2290000000003
708,22209.0,21910.0,768.66
709,20719.0,21910.0,1935.8650000000005
710,21316.0,21910.0,1295.6730000000005
711,22505.0,21910.0,1500.0100000000004
712,21016.0,21910.0,1499.2519999999997
713,22208.0,21910.0,556.964
714,22809.0,21910.0,1343.754
715,23113.0,21910.0,1906.8530000000005
716,22509.0,21910.0,1669.3
717,20425.0,21910.0,2297.543
718,21613.0,21910.0,628.691
719,20720.0,21910.0,1760.1829999999998
720,22811.0,21911.0,1461.4959999999999
721,20426.0,21911.0,2628.486
722,22505.0,21911.0,1990.4230000000002
723,21315.0,21911.0,890.6060000000003
724,21017.0,21911.0,1549.77
725,22210.0,21911.0,897.4009999999998
726,22508.0,21911.0,1022.1610000000001
727,21910.0,21911.0,500.20699999999994
728,22509.0,21911.0,1403.8229999999999
729,21314.0,21911.0,1102.268
730,21016.0,21911.0,1731.4419999999998
731,21908.0,21911.0,1739.2549999999997
732,20720.0,21911.0,1941.8080000000007
733,21316.0,21911.0,968.3750000000002
734,21018.0,21911.0,1356.5140000000004
735,23114.0,21911.0,1889.2030000000002
736,22810.0,21911.0,1379.2959999999996
737,21313.0,21911.0,1295.997
738,21613.0,21911.0,509.85200000000003
739,21611.0,21911.0,910.0820000000001
740,20719.0,21911.0,2168.0550000000003
741,22507.0,21911.0,996.6450000000001
742,22506.0,21911.0,1502.5840000000003
743,22809.0,21911.0,1750.1770000000001
744,21612.0,21911.0,688.2800000000003
745,23113.0,21911.0,1752.508
746,20721.0,21911.0,1659.1190000000006
747,22812.0,21911.0,1883.761
748,21614.0,21911.0,679.29
749,22207.0,21911.0,1238.744
750,22208.0,21911.0,735.646
751,21909.0,21911.0,1046.9039999999998
752,22206.0,21911.0,1717.9820000000002
753,22209.0,21911.0,554.6589999999999
754,20425.0,21911.0,2501.800000000001
755,21912.0,21911.0,926.069
756,21019.0,21911.0,1906.2060000000001
757,21018.0,21912.0,1658.153
758,23114.0,21912.0,2578.7720000000004
759,22809.0,21912.0,2669.3810000000003
760,23113.0,21912.0,2571.56
761,21908.0,21912.0,2661.394
762,22505.0,21912.0,2909.627
763,21911.0,21912.0,926.069
764,22210.0,21912.0,525.282
765,21909.0,21912.0,1969.0429999999997
766,22506.0,21912.0,2421.7880000000005
767,22810.0,21912.0,2198.3479999999995
768,22207.0,21912.0,2157.948
769,22811.0,21912.0,2083.993
770,22209.0,21912.0,1320.315
771,20721.0,21912.0,1960.7579999999996
772,20426.0,21912.0,2930.1250000000005
773,21019.0,21912.0,1645.803
774,21611.0,21912.0,1836.1510000000003
775,22812.0,21912.0,1511.6419999999998
776,22508.0,21912.0,1644.658
777,22507.0,21912.0,1911.0639999999999
778,21614.0,21912.0,1160.2199999999998
779,21316.0,21912.0,1249.872
780,20719.0,21912.0,2706.2700000000004
781,20425.0,21912.0,2803.4390000000008
782,20720.0,21912.0,2243.446999999999
783,22208.0,21912.0,1654.85
784,21910.0,21912.0,1422.346
785,21313.0,21912.0,2109.9819999999995
786,21314.0,21912.0,1720.809
787,21016.0,21912.0,2542.531000000001
788,21613.0,21912.0,1245.615
789,21612.0,21912.0,1614.3490000000006
790,21315.0,21912.0,1356.5469999999998
791,22206.0,21912.0,2637.186
792,22509.0,21912.0,1031.7040000000002
793,21017.0,21912.0,2236.6459999999997
794,21315.0,22206.0,2023.1789999999996
795,22209.0,22206.0,1520.404
796,22506.0,22206.0,665.1659999999999
797,22812.0,22206.0,2739.3750000000005
798,20720.0,22206.0,2451.4539999999997
799,23113.0,22206.0,1741.9130000000005
800,22811.0,22206.0,1597.8980000000001
801,21314.0,22206.0,1659.599
802,22809.0,22206.0,1117.5069999999998
803,21611.0,22206.0,862.574
804,21019.0,22206.0,3150.9419999999996
805,21910.0,22206.0,1220.8620000000003
806,20425.0,22206.0,2901.6019999999994
807,22505.0,22206.0,438.21000000000004
808,21313.0,22206.0,1267.691
809,21911.0,22206.0,1717.982
810,23114.0,22206.0,1957.733
811,22507.0,22206.0,901.292
812,21909.0,22206.0,676.1840000000001
813,22508.0,22206.0,1411.658
814,20426.0,22206.0,3028.2879999999996
815,21017.0,22206.0,2023.1629999999998
816,21613.0,22206.0,1847.7369999999999
817,21316.0,22206.0,2361.167999999999
818,21614.0,22206.0,2308.572999999999
819,20719.0,22206.0,2139.749
820,22509.0,22206.0,2259.4370000000004
821,21912.0,22206.0,2637.186
822,22810.0,22206.0,1364.9150000000004
823,22207.0,22206.0,480.478
824,21016.0,22206.0,1703.1359999999997
825,21018.0,22206.0,2402.985999999999
826,21612.0,22206.0,1381.6090000000006
827,20721.0,22206.0,2593.4269999999997
828,22210.0,22206.0,2250.7810000000004
829,22208.0,22206.0,982.3360000000001
830,21908.0,22206.0,639.64
831,20721.0,22207.0,2227.774
832,20720.0,22207.0,2155.448
833,22809.0,22207.0,945.512
834,22811.0,22207.0,1380.1089999999995
835,22810.0,22207.0,1175.47
836,22812.0,22207.0,2268.491
837,21314.0,22207.0,1318.6079999999997
838,21315.0,22207.0,1655.0040000000001
839,22208.0,22207.0,503.098
840,21017.0,22207.0,1712.845
841,21614.0,22207.0,1893.152
842,20425.0,22207.0,2692.807999999999
843,22507.0,22207.0,698.6719999999999
844,22506.0,22207.0,493.17099999999994
845,21018.0,22207.0,2036.0420000000001
846,23114.0,22207.0,1768.2879999999998
847,21912.0,22207.0,2157.9480000000003
848,22206.0,22207.0,480.4779999999999
849,21910.0,22207.0,743.4269999999999
850,22209.0,22207.0,1041.3490000000002
851,22505.0,22207.0,759.626
852,21612.0,22207.0,904.174
853,20426.0,22207.0,2819.493999999999
854,21908.0,22207.0,815.872
855,22509.0,22207.0,1788.5529999999994
856,21911.0,22207.0,1238.744
857,21611.0,22207.0,1038.1889999999999
858,21613.0,22207.0,1370.3020000000001
859,21316.0,22207.0,1992.7030000000002
860,21313.0,22207.0,1443.306
861,21019.0,22207.0,2783.358999999999
862,22210.0,22207.0,1779.8969999999997
863,22508.0,22207.0,940.774
864,20719.0,22207.0,2315.3639999999996
865,23113.0,22207.0,1552.4680000000003
866,21909.0,22207.0,529.234
867,21016.0,22207.0,1878.7509999999997
868,22811.0,22208.0,1143.873
869,23114.0,22208.0,1567.562
870,21909.0,22208.0,733.618
871,21910.0,22208.0,556.9639999999999
872,21614.0,22208.0,1406.4640000000004
873,20720.0,22208.0,2317.1469999999995
874,21613.0,22208.0,902.6010000000001
875,22508.0,22208.0,704.5379999999999
876,22209.0,22208.0,538.2510000000001
877,22207.0,22208.0,503.098
878,21612.0,22208.0,1013.5749999999999
879,21314.0,22208.0,1428.0089999999996
880,22507.0,22208.0,497.8219999999999
881,21912.0,22208.0,1654.8500000000001
882,23113.0,22208.0,1377.2460000000003
883,22506.0,22208.0,766.9380000000002
884,20425.0,22208.0,2854.507
885,20721.0,22208.0,2142.945
886,20719.0,22208.0,2492.829000000001
887,20426.0,22208.0,2981.1930000000007
888,21017.0,22208.0,1874.5439999999999
889,22810.0,22208.0,1000.7279999999998
890,22210.0,22208.0,1331.0290000000002
891,21018.0,22208.0,1818.108
892,21316.0,22208.0,1618.8230000000003
893,21911.0,22208.0,735.646
894,22809.0,22208.0,1014.531
895,21313.0,22208.0,1620.7709999999997
896,21611.0,22208.0,1233.733
897,22505.0,22208.0,1254.777
898,22509.0,22208.0,1300.5290000000002
899,22812.0,22208.0,1780.467
900,21016.0,22208.0,2056.215999999999
901,22206.0,22208.0,982.3360000000002
902,21315.0,22208.0,1283.601
903,21019.0,22208.0,2413.9429999999998
904,21908.0,22208.0,1035.032
905,20426.0,22209.0,3042.1459999999993
906,21314.0,22209.0,1631.193
907,22506.0,22209.0,1297.1899999999996
908,22507.0,22209.0,755.311
909,22206.0,22209.0,1520.4039999999993
910,23113.0,22209.0,1351.0249999999996
911,22207.0,22209.0,1041.349
912,22210.0,22209.0,844.957
913,22812.0,22209.0,1420.7249999999997
914,20721.0,22209.0,2072.779
915,20720.0,22209.0,2355.4679999999994
916,21016.0,22209.0,2259.399999999999
917,21316.0,22209.0,1251.774
918,21909.0,22209.0,980.7679999999999
919,22505.0,22209.0,1792.8449999999998
920,21613.0,22209.0,1062.546
921,21912.0,22209.0,1320.315
922,22509.0,22209.0,940.7869999999999
923,21612.0,22209.0,1216.759
924,21315.0,22209.0,1443.3000000000004
925,21017.0,22209.0,2077.7279999999996
926,20425.0,22209.0,2915.4599999999996
927,22810.0,22209.0,1015.6920000000001
928,22811.0,22209.0,906.837
929,21910.0,22209.0,768.66
930,21908.0,22209.0,1558.8049999999998
931,22508.0,22209.0,467.50199999999995
932,21611.0,22209.0,1437.005
933,21018.0,22209.0,1770.1740000000002
934,20719.0,22209.0,2696.013
935,21019.0,22209.0,2287.2519999999995
936,21313.0,22209.0,1823.955
937,22208.0,22209.0,538.2510000000001
938,21911.0,22209.0,554.659
939,21614.0,22209.0,927.2630000000003
940,22809.0,22209.0,1524.241
941,23114.0,22209.0,1402.1829999999998
942,21613.0,22210.0,1407.2530000000002
943,22810.0,22210.0,1746.069
944,20426.0,22210.0,3446.7739999999994
945,20425.0,22210.0,3320.0879999999997
946,21909.0,22210.0,1774.4500000000003
947,22809.0,22210.0,2254.618
948,22207.0,22210.0,1779.897
949,21912.0,22210.0,525.282
950,21314.0,22210.0,1999.669
951,22506.0,22210.0,2027.5669999999996
952,22811.0,22210.0,1564.507
953,21908.0,22210.0,2352.487
954,21611.0,22210.0,1807.4830000000002
955,22509.0,22210.0,512.2180000000001
956,22505.0,22210.0,2523.2219999999998
957,21614.0,22210.0,1428.842
958,22208.0,22210.0,1331.029
959,22507.0,22210.0,1485.688
960,22209.0,22210.0,844.957
961,21016.0,22210.0,2628.8429999999994
962,22812.0,22210.0,992.156
963,21313.0,22210.0,2193.398
964,22508.0,22210.0,1125.172
965,20720.0,22210.0,2760.0959999999995
966,21910.0,22210.0,1393.678
967,21911.0,22210.0,897.401
968,21612.0,22210.0,1585.6810000000005
969,21019.0,22210.0,2171.085
970,23114.0,22210.0,2059.2860000000005
971,21316.0,22210.0,1722.308
972,20721.0,22210.0,2477.4069999999997
973,21017.0,22210.0,2447.171
974,23113.0,22210.0,2081.4019999999996
975,21018.0,22210.0,2174.802
976,21315.0,22210.0,1788.0070000000005
977,20719.0,22210.0,3065.4559999999997
978,22206.0,22210.0,2250.7809999999995
979,21613.0,22505.0,2126.8849999999998
980,23113.0,22505.0,1390.7490000000003
981,21908.0,22505.0,1072.4290000000003
982,21314.0,22505.0,1972.3549999999998
983,21018.0,22505.0,2715.7419999999993
984,22209.0,22505.0,1792.845
985,20719.0,22505.0,2571.9209999999994
986,21912.0,22505.0,2909.6269999999995
987,22809.0,22505.0,756.05
988,22509.0,22505.0,2531.878
989,22811.0,22505.0,1640.4050000000002
990,20426.0,22505.0,3428.7409999999995
991,21315.0,22505.0,2335.9349999999995
992,21019.0,22505.0,3463.6979999999994
993,21612.0,22505.0,1660.7570000000007
994,22507.0,22505.0,1083.43
995,20720.0,22505.0,2764.6949999999993
996,21910.0,22505.0,1500.0100000000004
997,20721.0,22505.0,2906.1829999999995
998,21909.0,22505.0,955.3320000000001
999,21911.0,22505.0,1990.423
1000,22506.0,22505.0,746.205
1001,22210.0,22505.0,2523.222
1002,20425.0,22505.0,3302.0549999999994
1003,21316.0,22505.0,2673.923999999999
1004,21614.0,22505.0,2621.328999999999
1005,22207.0,22505.0,759.626
1006,22206.0,22505.0,438.21000000000004
1007,21611.0,22505.0,1294.7460000000003
1008,21016.0,22505.0,2135.3079999999995
1009,21017.0,22505.0,2335.9189999999994
1010,22208.0,22505.0,1254.777
1011,22812.0,22505.0,3011.816
1012,22810.0,22505.0,1276.769
1013,22508.0,22505.0,1684.099
1014,21313.0,22505.0,1699.863
1015,23114.0,22505.0,1989.7090000000003
1016,21315.0,22506.0,1949.4119999999998
1017,22209.0,22506.0,1297.1899999999998
1018,22507.0,22506.0,541.879
1019,22505.0,22506.0,746.2049999999999
1020,21613.0,22506.0,1646.4339999999997
1021,21612.0,22506.0,1349.493
1022,21911.0,22506.0,1502.5839999999996
1023,21908.0,22506.0,1299.3850000000002
1024,22509.0,22506.0,2036.2230000000002
1025,21018.0,22506.0,2330.4500000000003
1026,21611.0,22506.0,1521.7020000000002
1027,22508.0,22506.0,1082.5889999999997
1028,20719.0,22506.0,2798.876999999999
1029,21614.0,22506.0,2173.402
1030,21016.0,22506.0,2362.263999999999
1031,20721.0,22506.0,2522.182
1032,21909.0,22506.0,1015.6690000000001
1033,21313.0,22506.0,1926.8190000000002
1034,22809.0,22506.0,453.104
1035,22207.0,22506.0,493.17099999999994
1036,20426.0,22506.0,3312.664999999998
1037,22208.0,22506.0,766.9380000000001
1038,21314.0,22506.0,1763.9269999999997
1039,21017.0,22506.0,2206.016
1040,22210.0,22506.0,2027.5670000000005
1041,22206.0,22506.0,665.166
1042,22811.0,22506.0,1096.101
1043,23114.0,22506.0,1455.9359999999997
1044,20720.0,22506.0,2648.6189999999992
1045,21316.0,22506.0,2287.1110000000003
1046,20425.0,22506.0,3185.9789999999985
1047,23113.0,22506.0,1087.803
1048,21912.0,22506.0,2421.788
1049,21910.0,22506.0,1026.094
1050,21019.0,22506.0,3077.7670000000007
1051,22812.0,22506.0,2516.1610000000014
1052,22810.0,22506.0,794.74
1053,21910.0,22507.0,1046.8220000000001
1054,22811.0,22507.0,739.1700000000001
1055,21613.0,22507.0,1345.7710000000002
1056,21313.0,22507.0,2102.117
1057,21614.0,22507.0,1662.6780000000003
1058,22812.0,22507.0,1974.2820000000006
1059,22508.0,22507.0,627.9030000000001
1060,21314.0,22507.0,1909.3550000000002
1061,22209.0,22507.0,755.3109999999998
1062,22809.0,22507.0,783.4100000000001
1063,21912.0,22507.0,1911.064
1064,20720.0,22507.0,2798.4929999999995
1065,21611.0,22507.0,1715.1670000000004
1066,21909.0,22507.0,1224.9830000000002
1067,21612.0,22507.0,1494.921
1068,21911.0,22507.0,996.645
1069,21316.0,22507.0,1916.8620000000005
1070,22207.0,22507.0,698.672
1071,21016.0,22507.0,2537.562
1072,20721.0,22507.0,2603.015
1073,22505.0,22507.0,1083.43
1074,21019.0,22507.0,2779.3129999999996
1075,20426.0,22507.0,3462.5389999999993
1076,23113.0,22507.0,886.7480000000002
1077,20425.0,22507.0,3335.8529999999996
1078,21315.0,22507.0,1726.7710000000002
1079,22506.0,22507.0,541.879
1080,21018.0,22507.0,2278.1780000000003
1081,21017.0,22507.0,2355.89
1082,22206.0,22507.0,901.2919999999999
1083,20719.0,22507.0,2974.1750000000006
1084,22208.0,22507.0,497.82199999999995
1085,22509.0,22507.0,1494.3440000000003
1086,23114.0,22507.0,1101.614
1087,21908.0,22507.0,1512.8040000000005
1088,22210.0,22507.0,1485.6880000000006
1089,22810.0,22507.0,510.23
1090,22208.0,22508.0,704.538
1091,22810.0,22508.0,789.6619999999999
1092,21316.0,22508.0,1664.7649999999996
1093,21018.0,22508.0,2229.261
1094,22809.0,22508.0,1302.143
1095,20719.0,22508.0,3141.0530000000003
1096,21612.0,22508.0,1661.7990000000002
1097,22811.0,22508.0,439.3349999999999
1098,21611.0,22508.0,1882.0450000000003
1099,21315.0,22508.0,1893.6490000000001
1100,21314.0,22508.0,2076.233
1101,21613.0,22508.0,1512.6490000000001
1102,20425.0,22508.0,3374.547
1103,21614.0,22508.0,1325.369
1104,20426.0,22508.0,3501.2329999999993
1105,21912.0,22508.0,1644.6580000000001
1106,21016.0,22508.0,2704.4399999999996
1107,22505.0,22508.0,1684.099
1108,23114.0,22508.0,963.2489999999999
1109,21313.0,22508.0,2268.9950000000003
1110,22209.0,22508.0,467.502
1111,20721.0,22508.0,2531.866
1112,22507.0,22508.0,627.9029999999999
1113,21911.0,22508.0,1022.1610000000001
1114,22207.0,22508.0,940.7739999999999
1115,21017.0,22508.0,2522.768
1116,20720.0,22508.0,2814.555
1117,21908.0,22508.0,1729.8099999999997
1118,22206.0,22508.0,1411.6579999999997
1119,21909.0,22508.0,1406.059
1120,23113.0,22508.0,1124.9950000000001
1121,22509.0,22508.0,1153.1889999999996
1122,22506.0,22508.0,1082.589
1123,22210.0,22508.0,1125.1719999999998
1124,21019.0,22508.0,2746.3389999999995
1125,22812.0,22508.0,1633.1270000000002
1126,21910.0,22508.0,1213.7
1127,21908.0,22509.0,2322.237
1128,21910.0,22509.0,1669.3000000000002
1129,21016.0,22509.0,3135.2649999999994
1130,21611.0,22509.0,2313.905
1131,21314.0,22509.0,2506.0910000000003
1132,22811.0,22509.0,1592.524
1133,21017.0,22509.0,2953.593
1134,22208.0,22509.0,1300.529
1135,21316.0,22509.0,2138.0499999999997
1136,21909.0,22509.0,1848.4180000000001
1137,22206.0,22509.0,2259.437
1138,21911.0,22509.0,1403.8230000000003
1139,21313.0,22509.0,2699.82
1140,20720.0,22509.0,3266.5179999999996
1141,22207.0,22509.0,1788.5529999999999
1142,21614.0,22509.0,1798.654
1143,22809.0,22509.0,2263.2740000000003
1144,22507.0,22509.0,1494.344
1145,22810.0,22509.0,1754.725
1146,21018.0,22509.0,2681.224
1147,20719.0,22509.0,3571.8779999999997
1148,23113.0,22509.0,2090.058
1149,22812.0,22509.0,727.3
1150,20721.0,22509.0,2983.8289999999997
1151,21613.0,22509.0,1913.6750000000002
1152,21912.0,22509.0,1031.704
1153,21019.0,22509.0,2677.507
1154,21315.0,22509.0,2294.4290000000005
1155,22506.0,22509.0,2036.223
1156,22209.0,22509.0,940.787
1157,23114.0,22509.0,1794.4300000000005
1158,22505.0,22509.0,2531.8780000000006
1159,21612.0,22509.0,2092.1030000000005
1160,20426.0,22509.0,3953.1959999999995
1161,22508.0,22509.0,1153.1889999999999
1162,22210.0,22509.0,512.218
1163,21612.0,22809.0,1800.3649999999998
1164,20721.0,22809.0,2960.827999999999
1165,21908.0,22809.0,1751.7260000000006
1166,21316.0,22809.0,2600.5599999999995
1167,22506.0,22809.0,453.10400000000004
1168,21614.0,22809.0,2420.995
1169,22507.0,22809.0,783.4100000000001
1170,20720.0,22809.0,3100.9599999999987
1171,21018.0,22809.0,2670.6049999999996
1172,22810.0,22809.0,715.147
1173,21910.0,22809.0,1343.754
1174,23113.0,22809.0,634.699
1175,21313.0,22809.0,2379.16
1176,22509.0,22809.0,2263.2740000000003
1177,22210.0,22809.0,2254.6180000000004
1178,22508.0,22809.0,1302.1430000000003
1179,20719.0,22809.0,3251.2179999999985
1180,21912.0,22809.0,2669.381
1181,21909.0,22809.0,1468.0100000000002
1182,22209.0,22809.0,1524.2410000000007
1183,22206.0,22809.0,1117.507
1184,22812.0,22809.0,2743.212
1185,22505.0,22809.0,756.0500000000002
1186,22811.0,22809.0,1078.7830000000001
1187,21019.0,22809.0,3394.54
1188,21017.0,22809.0,2658.3569999999995
1189,22208.0,22809.0,1014.531
1190,21911.0,22809.0,1750.177
1191,21315.0,22809.0,2265.3379999999997
1192,21613.0,22809.0,1894.0269999999998
1193,21314.0,22809.0,2214.798999999999
1194,21611.0,22809.0,1974.0430000000006
1195,22207.0,22809.0,945.512
1196,21016.0,22809.0,2814.6049999999987
1197,23114.0,22809.0,1341.0030000000002
1198,21315.0,22810.0,2224.18
1199,21019.0,22810.0,3267.7179999999994
1200,22506.0,22810.0,794.74
1201,21912.0,22810.0,2198.348
1202,21613.0,22810.0,1843.1799999999998
1203,22210.0,22810.0,1746.0690000000002
1204,22811.0,22810.0,554.933
1205,20721.0,22810.0,2968.7910000000006
1206,22209.0,22810.0,1015.6920000000001
1207,20719.0,22810.0,3465.7199999999993
1208,22505.0,22810.0,1276.769
1209,21908.0,22810.0,1989.5530000000008
1210,23113.0,22810.0,385.38000000000005
1211,22508.0,22810.0,789.662
1212,21910.0,22810.0,1529.8550000000005
1213,21018.0,22810.0,2666.186
1214,22507.0,22810.0,510.22999999999996
1215,21017.0,22810.0,2847.4349999999995
1216,22206.0,22810.0,1364.9150000000004
1217,21314.0,22810.0,2400.9
1218,22208.0,22810.0,1000.7280000000001
1219,22509.0,22810.0,1754.7249999999997
1220,22207.0,22810.0,1175.47
1221,21611.0,22810.0,2206.6240000000007
1222,21016.0,22810.0,3029.106999999998
1223,20720.0,22810.0,3251.48
1224,21316.0,22810.0,2232.2399999999993
1225,21911.0,22810.0,1379.2959999999998
1226,21313.0,22810.0,2593.6620000000003
1227,22812.0,22810.0,2234.663
1228,21909.0,22810.0,1704.3440000000005
1229,22809.0,22810.0,715.147
1230,21614.0,22810.0,1938.7740000000001
1231,23114.0,22810.0,904.237
1232,21612.0,22810.0,1986.4660000000003
1233,21614.0,22811.0,1764.7039999999997
1234,20721.0,22811.0,2971.2010000000005
1235,22210.0,22811.0,1564.5069999999996
1236,21911.0,22811.0,1461.4959999999996
1237,21316.0,22811.0,2104.0999999999995
1238,21314.0,22811.0,2515.5680000000007
1239,23114.0,22811.0,523.914
1240,22206.0,22811.0,1597.898
1241,20720.0,22811.0,3253.89
1242,22810.0,22811.0,554.933
1243,22508.0,22811.0,439.33500000000004
1244,21313.0,22811.0,2708.3300000000004
1245,22207.0,22811.0,1380.1089999999995
1246,21912.0,22811.0,2083.993
1247,21908.0,22811.0,2169.1449999999995
1248,21315.0,22811.0,2332.9840000000004
1249,22812.0,22811.0,1922.9569999999997
1250,22505.0,22811.0,1640.4050000000002
1251,21612.0,22811.0,2101.134
1252,21910.0,22811.0,1653.0349999999999
1253,22507.0,22811.0,739.17
1254,22208.0,22811.0,1143.873
1255,21611.0,22811.0,2321.3800000000006
1256,22506.0,22811.0,1096.101
1257,21016.0,22811.0,3143.775
1258,22809.0,22811.0,1078.783
1259,22209.0,22811.0,906.837
1260,20719.0,22811.0,3580.3880000000004
1261,21909.0,22811.0,1845.3939999999998
1262,23113.0,22811.0,825.3650000000001
1263,22509.0,22811.0,1592.5239999999994
1264,21019.0,22811.0,3185.6739999999995
1265,21018.0,22811.0,2668.596
1266,21613.0,22811.0,1951.984
1267,21017.0,22811.0,2962.1030000000005
1268,22208.0,22812.0,1780.4670000000003
1269,22506.0,22812.0,2516.161
1270,21908.0,22812.0,2802.175
1271,21018.0,22812.0,3161.1620000000003
1272,23113.0,22812.0,2126.213
1273,22505.0,22812.0,3011.8160000000007
1274,22207.0,22812.0,2268.4910000000004
1275,21314.0,22812.0,2986.0290000000005
1276,21017.0,22812.0,3433.531
1277,21912.0,22812.0,1511.642
1278,21909.0,22812.0,2328.3560000000007
1279,21614.0,22812.0,2278.5920000000006
1280,21612.0,22812.0,2572.0410000000006
1281,22210.0,22812.0,992.156
1282,21315.0,22812.0,2774.3670000000006
1283,21019.0,22812.0,3157.445
1284,21911.0,22812.0,1883.7610000000006
1285,21611.0,22812.0,2793.8430000000003
1286,22206.0,22812.0,2739.375
1287,20721.0,22812.0,3463.767
1288,22810.0,22812.0,2234.6630000000005
1289,20720.0,22812.0,3746.4559999999997
1290,23114.0,22812.0,1416.806
1291,22508.0,22812.0,1633.1270000000002
1292,22811.0,22812.0,1922.957
1293,21313.0,22812.0,3179.7580000000003
1294,21613.0,22812.0,2393.6130000000007
1295,22507.0,22812.0,1974.2820000000004
1296,22809.0,22812.0,2743.2120000000004
1297,22209.0,22812.0,1420.7250000000001
1298,21910.0,22812.0,2149.2380000000007
1299,21016.0,22812.0,3615.2029999999995
1300,22509.0,22812.0,727.3
1301,21316.0,22812.0,2617.988
1302,22812.0,23113.0,2126.213
1303,21314.0,23113.0,2777.8979999999997
1304,23114.0,23113.0,709.407
1305,22507.0,23113.0,886.7479999999999
1306,21018.0,23113.0,3039.3979999999997
1307,21908.0,23113.0,2366.5510000000004
1308,21912.0,23113.0,2571.56
1309,22810.0,23113.0,385.38
1310,22809.0,23113.0,634.6990000000001
1311,21613.0,23113.0,2219.698
1312,22206.0,23113.0,1741.9130000000002
1313,21909.0,23113.0,2081.3420000000006
1314,22210.0,23113.0,2081.402
1315,21016.0,23113.0,3406.1049999999977
1316,21019.0,23113.0,3603.0510000000004
1317,21315.0,23113.0,2600.6979999999994
1318,22505.0,23113.0,1390.749
1319,22811.0,23113.0,825.365
1320,21911.0,23113.0,1752.508
1321,22209.0,23113.0,1351.0249999999999
1322,22506.0,23113.0,1087.8029999999999
1323,21017.0,23113.0,3224.432999999999
1324,21612.0,23113.0,2363.4640000000004
1325,22509.0,23113.0,2090.0579999999995
1326,21910.0,23113.0,1906.8530000000003
1327,21614.0,23113.0,2274.1070000000004
1328,22508.0,23113.0,1124.9950000000001
1329,22208.0,23113.0,1377.2460000000005
1330,21313.0,23113.0,2970.66
1331,21611.0,23113.0,2583.6220000000003
1332,21316.0,23113.0,2567.5730000000003
1333,22207.0,23113.0,1552.4680000000003
1334,22208.0,23114.0,1567.5619999999997
1335,21611.0,23114.0,2754.525
1336,22812.0,23114.0,1416.8060000000003
1337,21612.0,23114.0,2534.279
1338,21315.0,23114.0,2766.129
1339,21613.0,23114.0,2385.1289999999995
1340,21908.0,23114.0,2582.371
1341,21911.0,23114.0,1889.2029999999997
1342,22505.0,23114.0,1989.709
1343,21017.0,23114.0,3395.2480000000005
1344,21910.0,23114.0,2086.18
1345,22210.0,23114.0,2059.286
1346,21016.0,23114.0,3576.92
1347,21909.0,23114.0,2269.082999999999
1348,22810.0,23114.0,904.2370000000001
1349,23113.0,23114.0,709.4069999999999
1350,21912.0,23114.0,2578.772
1351,22509.0,23114.0,1794.4300000000005
1352,22811.0,23114.0,523.9140000000001
1353,21314.0,23114.0,2948.713
1354,22207.0,23114.0,1768.2880000000002
1355,21313.0,23114.0,3141.4750000000004
1356,21614.0,23114.0,2288.617999999999
1357,22507.0,23114.0,1101.6139999999998
1358,21018.0,23114.0,3137.131
1359,21316.0,23114.0,2618.7309999999998
1360,22809.0,23114.0,1341.003
1361,22206.0,23114.0,1957.7330000000002
1362,22508.0,23114.0,963.249
1363,22209.0,23114.0,1402.183
1364,21019.0,23114.0,3654.209
1365,22506.0,23114.0,1455.936
